<?xml version="1.0" encoding="UTF-8"?>
<beans xmlns="http://www.springframework.org/schema/beans"
	xmlns:xsi="http://www.w3.org/2001/XMLSchema-instance" xmlns:aop="http://www.springframework.org/schema/aop"
	xmlns:tx="http://www.springframework.org/schema/tx" xmlns:context="http://www.springframework.org/schema/context"
	xsi:schemaLocation="
		http://www.springframework.org/schema/beans 
		http://www.springframework.org/schema/beans/spring-beans-3.0.xsd
		http://www.springframework.org/schema/tx 
		http://www.springframework.org/schema/tx/spring-tx-3.0.xsd
		http://www.springframework.org/schema/aop 
		http://www.springframework.org/schema/aop/spring-aop-3.0.xsd
		http://www.springframework.org/schema/context
		http://www.springframework.org/schema/context/spring-context-3.0.xsd">

	<bean id="propertyConfigurer"
		class="org.springframework.beans.factory.config.PropertyPlaceholderConfigurer">
		<property name="location">
			<value>/WEB-INF/conf/config.properties</value>
		</property>
	</bean>
	<!-- 数据库配置 -->
	<bean id="dataSource" class="org.apache.commons.dbcp.BasicDataSource"
		destroy-method="close">
		<property name="driverClassName">
			<value>${jdbc.driverClassName}</value>
		</property>
		<property name="url">
			<value>${jdbc.url}</value>
		</property>
		<property name="username">
			<value>${jdbc.username}</value>
		</property>
		<property name="password">
			<value>${jdbc.password}</value>
		</property>
		<property name="maxActive">
			<value>${maxActive}</value>
		</property>
		<property name="maxWait">
			<value>${maxWait}</value>
		</property>
		<property name="maxIdle">
			<value>${maxIdle}</value>
		</property>
		<property name="validationQuery">
			<value>${validationQuery}</value>
		</property>
	</bean>

	<!-- 配置sessionFactory -->
	<bean id="sessionFactory"
		class="org.springframework.orm.hibernate4.LocalSessionFactoryBean">
		<property name="dataSource">
			<ref local="dataSource" />
		</property>
		<property name="hibernateProperties">
			<props>
				<!-- 设置数据库方言 -->
				<prop key="hibernate.dialect">org.hibernate.dialect.MySQL5Dialect</prop>
				<prop key="hibernate.show_sql">true</prop>
				<prop key="hibernate.max_fetch_depth">3</prop>
				<!-- 数据库批量查询最大数 -->
				<prop key="hibernate.jdbc.fetch_size">50</prop>
				<!-- 数据库批量更新、添加、删除操作最大数 -->
				<prop key="hibernate.jdbc.batch_size">30</prop>
				<prop key="hibernate.jdbc.use_scrollable_resultset">true</prop>
				<!-- 是否自动提交事务 -->
				<prop key="hibernate.connection.autocommit">true</prop>
				<!-- 指定hibernate在何时释放JDBC连接 -->
				<prop key="hibernate.connection.release_mode">auto</prop>
				<prop key="hibernate.query.substitutions">true 1, false 0</prop>
				<prop key="hibernate.cache.region.factory_class">org.hibernate.cache.ehcache.EhCacheRegionFactory
				</prop>
				<!-- 是否开启查询缓存 -->
				<prop key="hibernate.cache.use_query_cache">true</prop>
				<prop key="hibernate.transaction.factory_class">org.hibernate.transaction.JDBCTransactionFactory
				</prop>
				<!-- 创建session方式 hibernate4.x 的方式 -->
				<prop key="hibernate.current_session_context_class">org.springframework.orm.hibernate4.SpringSessionContext
				</prop>
				<!-- <prop key="hibernate.current_session_context_class"> -->
				<!-- thread -->
				<!-- </prop> -->
				<!-- javax.persistence.validation.mode默认情况下是auto的，就是说如果不设置的话它是会自动去你的classpath下面找一个bean-validation**包 
					所以把它设置为none即可 -->
				<prop key="javax.persistence.validation.mode">none</prop>
			</props>
		</property>
		<property name="packagesToScan" value="com.wosai.teach.entity" />
	</bean>

	<!--hibernate4必须配置为开启事务 否则 getCurrentSession()获取不到 -->
	<bean id="txManager"
		class="org.springframework.orm.hibernate4.HibernateTransactionManager">
		<property name="sessionFactory" ref="sessionFactory"></property>
	</bean>

	<tx:advice id="txAdvice" transaction-manager="txManager">
		<tx:attributes>
			<tx:method name="*" propagation="REQUIRED" />
			<tx:method name="get*" propagation="REQUIRED" read-only="true" />
		</tx:attributes>
	</tx:advice>

	<aop:config proxy-target-class="true">
<!-- 		<aop:pointcut expression="execution(* com.wosai.teach.dao.*.*(..))" id="pointcut" /> -->
		<aop:pointcut expression="execution(* com.wosai.teach.restful.*.*(..))" id="pointcut" />
	</aop:config>
	
	<tx:annotation-driven transaction-manager="txManager" /><!-- 注解驱动的事务管理器 -->

</beans>